Workbook
Name IQ_CH: 110000
Name IQ_CQ: 5000
Name IQ_CY: 10000
Name IQ_DAILY: 500000
Name IQ_FH: 100000
Name IQ_FQ: 500
Name IQ_FY: 1000
Name IQ_LTM: 2000
Name IQ_MONTH: 15000
Name IQ_NTM: 6000
Name IQ_WEEK: 50000
Name IQ_YTD: 3000

Sheet Feb24
A1: 45323
A2: date | B2: day | C2: time | D2: Systolic | E2: Diastolic | F2: Pulse | G2: Sugar
A3: 45323 | B3: =TEXT(A3,"DDD") | C3: 0.43958333 | D3: 130 | E3: 88 | F3: 62 | G3: 173
A4: 45324 | B4: =TEXT(A4,"DDD") | C4: 0.44930556 | D4: 136 | E4: 80 | F4: 60 | G4: 203
A5: 45325 | B5: =TEXT(A5,"DDD") | C5: 0.42291667 | D5: 144 | E5: 72 | F5: 58 | G5: 216
A6: 45326 | B6: =TEXT(A6,"DDD") | C6: 0.42430556 | D6: 131 | E6: 76 | F6: 65 | G6: 163
A7: 45327 | B7: =TEXT(A7,"DDD") | C7: 0.42708333 | D7: 128 | E7: 72 | F7: 61 | G7: 155
A8: 45328 | B8: =TEXT(A8,"DDD") | C8: 0.42708333 | D8: 130 | E8: 76 | F8: 60 | G8: 178
A9: 45329 | B9: =TEXT(A9,"DDD") | C9: 0.45138889 | D9: 126 | E9: 78 | F9: 59 | G9: 181
A10: 45330 | B10: =TEXT(A10,"DDD") | C10: 0.45138889 | D10: 143 | E10: 81 | F10: 57 | G10: 174
A11: 45331 | B11: =TEXT(A11,"DDD") | C11: 0.41875 | D11: 128 | E11: 79 | F11: 59 | G11: 175
A12: 45332 | B12: =TEXT(A12,"DDD") | C12: 0.42986111 | D12: 122 | E12: 77 | F12: 62 | G12: 166
A13: 45333 | B13: =TEXT(A13,"DDD") | C13: 0.42430556 | D13: 128 | E13: 80 | F13: 56 | G13: 172
A14: 45334 | B14: =TEXT(A14,"DDD") | C14: 0.42916667 | D14: 135 | E14: 74 | F14: 59 | G14: 180
... A19: 45339 | B19: =TEXT(A19,"DDD") | C19: 0.42291667 | D19: 129 | E19: 80 | F19: 56 | G19: 185
A20: 45340 | B20: =TEXT(A20,"DDD")
A21: 45341 | B21: =TEXT(A21,"DDD") | C21: 0.425 | D21: 140 | E21: 81 | F21: 56 | G21: 174
A22: 45342 | B22: =TEXT(A22,"DDD") | C22: 0.425 | D22: 125 | E22: 81 | F22: 64 | G22: 192
A23: 45343 | B23: =TEXT(A23,"DDD") | C23: 0.48055556 | D23: 120 | E23: 75 | F23: 62 | G23: 169
A24: 45344 | B24: =TEXT(A24,"DDD") | C24: 0.5 | D24: 101 | E24: 78 | F24: 67 | G24: 148
A25: 45345 | B25: =TEXT(A25,"DDD") | C25: 0.43888889 | D25: 115 | E25: 73 | F25: 63 | G25: 167
A26: 45346 | B26: =TEXT(A26,"DDD") | C26: 0.42361111 | D26: 126 | E26: 76 | F26: 60 | G26: 195
A27: 45347 | B27: =TEXT(A27,"DDD") | C27: 0.44305556 | D27: 118 | E27: 74 | F27: 62 | G27: 170
A28: 45348 | B28: =TEXT(A28,"DDD") | C28: 0.45625 | D28: 128 | E28: 81 | F28: 64 | G28: 195
A29: 45349 | B29: =TEXT(A29,"DDD") | C29: 0.44097222 | D29: 132 | E29: 75 | F29: 63 | G29: 157
A30: 45350 | B30: =TEXT(A30,"DDD") | C30: 0.47986111 | D30: 136 | E30: 84 | F30: 63 | G30: 200
A31: 45351 | B31: =TEXT(A31,"DDD") | C31: 0.45625 | D31: 116 | E31: 74 | F31: 68 | G31: 176
A33: Median | C33: {=MEDIAN(IF(C3:C31<>0,C3:C31))} | D33: {=ROUND(MEDIAN(IF(D3:D31<>0,D3:D31)),0)} | E33: {=MEDIAN(IF(E3:E31<>0,E3:E31))} | F33: {=MEDIAN(IF(F3:F31<>0,F3:F31))} | G33: {=MEDIAN(IF(G3:G31<>0,G3:G31))}
D34: Sys | E34: Dia | F34: Pul | G34: Sugar
A35: High value | C35: =MAX(C3:C31) | D35: =_xlfn.AGGREGATE(4,6,D3:D31) | E35: =_xlfn.AGGREGATE(4,6,E3:E31) | F35: =_xlfn.AGGREGATE(4,6,F3:F31) | G35: =_xlfn.AGGREGATE(4,6,G3:G31)
A36: Low Value | C36: =MIN(C4:C32) | D36: =_xlfn.MINIFS(D1:D31,D1:D31,"<>0") | E36: =_xlfn.MINIFS(E1:E31,E1:E31,"<>0") | F36: =_xlfn.MINIFS(F1:F31,F1:F31,"<>0") | G36: =_xlfn.MINIFS(G1:G31,G1:G31,"<>0")
A38: Standard Deviation | D38: =_xlfn.AGGREGATE(8,6,D1:D31) | E38: =_xlfn.AGGREGATE(8,6,E1:E31) | F38: =_xlfn.AGGREGATE(8,6,F1:F31) | G38: =_xlfn.AGGREGATE(8,6,G1:G31)

Sheet Mar24
A1: 45352
A2: date | B2: day | C2: time | D2: Systolic | E2: Diastolic | F2: Pulse | G2: Sugar
A3: 45352 | B3: =TEXT(A3,"DDD") | C3: 0.47916667 | D3: 124 | E3: 71 | F3: 63 | G3: 162
A4: 45353 | B4: =TEXT(A4,"DDD") | C4: 0.43888889 | D4: 126 | E4: 79 | F4: 65 | G4: 191
A5: 45354 | B5: =TEXT(A5,"DDD") | C5: 0.47847222 | D5: 145 | E5: 88 | F5: 60 | G5: 235
A6: 45355 | B6: =TEXT(A6,"DDD") | C6: 0.42638889 | D6: 148 | E6: 81 | F6: 60 | G6: 132
A7: 45356 | B7: =TEXT(A7,"DDD") | C7: 0.45625 | D7: 148 | E7: 83 | F7: 62 | G7: 183
A8: 45357 | B8: =TEXT(A8,"DDD") | C8: 0.4375 | D8: 125 | E8: 75 | F8: 59 | G8: 176
A9: 45358 | B9: =TEXT(A9,"DDD") | C9: 0.37152778 | D9: 117 | E9: 79 | F9: 64 | G9: 185
A10: 45359 | B10: =TEXT(A10,"DDD") | C10: 0.45625 | D10: 128 | E10: 80 | F10: 67 | G10: 168
A11: 45360 | B11: =TEXT(A11,"DDD") | G11: `
A12: 45361 | B12: =TEXT(A12,"DDD")
A13: 45362 | B13: =TEXT(A13,"DDD")
A14: 45363 | B14: =TEXT(A14,"DDD")
A15: 45364 | B15: =TEXT(A15,"DDD")
A16: 45365 | B16: =TEXT(A16,"DDD")
A17: 45366 | B17: =TEXT(A17,"DDD")
A18: 45367 | B18: =TEXT(A18,"DDD")
A19: 45368 | B19: =TEXT(A19,"DDD")
A20: 45369 | B20: =TEXT(A20,"DDD")
A21: 45370 | B21: =TEXT(A21,"DDD")
A22: 45371 | B22: =TEXT(A22,"DDD")
A23: 45372 | B23: =TEXT(A23,"DDD")
... A33: 45322 | B33: =TEXT(A33,"DDD")
A35: Median | C35: {=IFERROR(MEDIAN(IF(C3:C33<>0,C3:C33)),0)} | D35: =IFERROR(_xlfn.AGGREGATE(12,6,D3:D33),0) | E35: =IFERROR(_xlfn.AGGREGATE(12,6,E3:E33),0) | F35: =IFERROR(_xlfn.AGGREGATE(12,6,F3:F33),0) | G35: =IFERROR(_xlfn.AGGREGATE(12,6,G3:G33),0)
D36: Sys | E36: Dia | F36: Pul | G36: Sugar
A37: High value | C37: =MAX(C3:C33) | D37: =IFERROR(_xlfn.AGGREGATE(4,6,D3:D33),0) | E37: =IFERROR(_xlfn.AGGREGATE(4,6,E3:E33),0) | F37: =IFERROR(_xlfn.AGGREGATE(4,6,F3:F33),0) | G37: =IFERROR(_xlfn.AGGREGATE(4,6,G3:G33),0)
A38: Low Value | C38: =MIN(C3:C33) | D38: =_xlfn.MINIFS(D3:D33,D3:D33,"<>0") | E38: =_xlfn.MINIFS(E3:E33,E3:E33,"<>0") | F38: =_xlfn.MINIFS(F3:F33,F3:F33,"<>0") | G38: =_xlfn.MINIFS(G3:G33,G3:G33,"<>0")
A40: Standard Deviation | D40: =IFERROR(_xlfn.AGGREGATE(8,6,D3:D33),0) | E40: =IFERROR(_xlfn.AGGREGATE(8,6,E3:E33),0) | F40: =IFERROR(_xlfn.AGGREGATE(8,6,F3:F33),0) | G40: =IFERROR(_xlfn.AGGREGATE(8,6,G3:G33),0)

Sheet Sheet3
A1: date | B1: day | C1: time | D1: Systolic | E1: Diastolic | F1: Pulse | G1: Sugar | K1: Date/Day/Time
A2: ='Feb24'!A10 | B2: =TEXT(A2,"DDD") | C2: =VLOOKUP($A2,INDIRECT($I2&"!a$3:g$32"),COLUMNS($A$1:C$1),0) | D2: =IFERROR(1/(1/VLOOKUP($A2,INDIRECT($I2&"!a$3:g$32"),COLUMNS($A$1:D$1),0)),NA()) | E2: =IFERROR(1/(1/VLOOKUP($A2,INDIRECT($I2&"!a$3:g$32"),COLUMNS($A$1:E$1),0)),NA()) | F2: =IFERROR(1/(1/VLOOKUP($A2,INDIRECT($I2&"!a$3:g$32"),COLUMNS($A$1:F$1),0)),NA()) | G2: =IFERROR(1/(1/VLOOKUP($A2,INDIRECT($I2&"!a$3:g$32"),COLUMNS($A$1:G$1),0)),NA()) | I2: =TEXT(A2,"mmm")&TEXT(A2,"yy") | J2: 29 | K2: =TEXT(A2,"m/d")&" "&TEXT(A2,"DDD")&IF(N(C2)=0," --"," "&TEXT(C2,"h:mm AM/PM"))
A3: ='Feb24'!A11 | B3: =TEXT(A3,"DDD") | C3: =VLOOKUP($A3,INDIRECT($I3&"!a$3:g$32"),COLUMNS($A$1:C$1),0) | D3: =IFERROR(1/(1/VLOOKUP($A3,INDIRECT($I3&"!a$3:g$32"),COLUMNS($A$1:D$1),0)),NA()) | E3: =IFERROR(1/(1/VLOOKUP($A3,INDIRECT($I3&"!a$3:g$32"),COLUMNS($A$1:E$1),0)),NA()) | F3: =IFERROR(1/(1/VLOOKUP($A3,INDIRECT($I3&"!a$3:g$32"),COLUMNS($A$1:F$1),0)),NA()) | G3: =IFERROR(1/(1/VLOOKUP($A3,INDIRECT($I3&"!a$3:g$32"),COLUMNS($A$1:G$1),0)),NA()) | I3: =TEXT(A3,"mmm")&TEXT(A3,"yy") | J3: 28 | K3: =TEXT(A3,"m/d")&" "&TEXT(A3,"DDD")&IF(N(C3)=0," --"," "&TEXT(C3,"h:mm AM/PM"))
A4: ='Feb24'!A12 | B4: =TEXT(A4,"DDD") | C4: =VLOOKUP($A4,INDIRECT($I4&"!a$3:g$32"),COLUMNS($A$1:C$1),0) | D4: =IFERROR(1/(1/VLOOKUP($A4,INDIRECT($I4&"!a$3:g$32"),COLUMNS($A$1:D$1),0)),NA()) | E4: =IFERROR(1/(1/VLOOKUP($A4,INDIRECT($I4&"!a$3:g$32"),COLUMNS($A$1:E$1),0)),NA()) | F4: =IFERROR(1/(1/VLOOKUP($A4,INDIRECT($I4&"!a$3:g$32"),COLUMNS($A$1:F$1),0)),NA()) | G4: =IFERROR(1/(1/VLOOKUP($A4,INDIRECT($I4&"!a$3:g$32"),COLUMNS($A$1:G$1),0)),NA()) | I4: =TEXT(A4,"mmm")&TEXT(A4,"yy") | J4: 27 | K4: =TEXT(A4,"m/d")&" "&TEXT(A4,"DDD")&IF(N(C4)=0," --"," "&TEXT(C4,"h:mm AM/PM"))
A5: ='Feb24'!A13 | B5: =TEXT(A5,"DDD") | C5: =VLOOKUP($A5,INDIRECT($I5&"!a$3:g$32"),COLUMNS($A$1:C$1),0) | D5: =IFERROR(1/(1/VLOOKUP($A5,INDIRECT($I5&"!a$3:g$32"),COLUMNS($A$1:D$1),0)),NA()) | E5: =IFERROR(1/(1/VLOOKUP($A5,INDIRECT($I5&"!a$3:g$32"),COLUMNS($A$1:E$1),0)),NA()) | F5: =IFERROR(1/(1/VLOOKUP($A5,INDIRECT($I5&"!a$3:g$32"),COLUMNS($A$1:F$1),0)),NA()) | G5: =IFERROR(1/(1/VLOOKUP($A5,INDIRECT($I5&"!a$3:g$32"),COLUMNS($A$1:G$1),0)),NA()) | I5: =TEXT(A5,"mmm")&TEXT(A5,"yy") | J5: 26 | K5: =TEXT(A5,"m/d")&" "&TEXT(A5,"DDD")&IF(N(C5)=0," --"," "&TEXT(C5,"h:mm AM/PM"))
A6: ='Feb24'!A14 | B6: =TEXT(A6,"DDD") | C6: =VLOOKUP($A6,INDIRECT($I6&"!a$3:g$32"),COLUMNS($A$1:C$1),0) | D6: =IFERROR(1/(1/VLOOKUP($A6,INDIRECT($I6&"!a$3:g$32"),COLUMNS($A$1:D$1),0)),NA()) | E6: =IFERROR(1/(1/VLOOKUP($A6,INDIRECT($I6&"!a$3:g$32"),COLUMNS($A$1:E$1),0)),NA()) | F6: =IFERROR(1/(1/VLOOKUP($A6,INDIRECT($I6&"!a$3:g$32"),COLUMNS($A$1:F$1),0)),NA()) | G6: =IFERROR(1/(1/VLOOKUP($A6,INDIRECT($I6&"!a$3:g$32"),COLUMNS($A$1:G$1),0)),NA()) | I6: =TEXT(A6,"mmm")&TEXT(A6,"yy") | J6: 25 | K6: =TEXT(A6,"m/d")&" "&TEXT(A6,"DDD")&IF(N(C6)=0," --"," "&TEXT(C6,"h:mm AM/PM"))
A7: ='Feb24'!A15 | B7: =TEXT(A7,"DDD") | C7: =VLOOKUP($A7,INDIRECT($I7&"!a$3:g$32"),COLUMNS($A$1:C$1),0) | D7: =IFERROR(1/(1/VLOOKUP($A7,INDIRECT($I7&"!a$3:g$32"),COLUMNS($A$1:D$1),0)),NA()) | E7: =IFERROR(1/(1/VLOOKUP($A7,INDIRECT($I7&"!a$3:g$32"),COLUMNS($A$1:E$1),0)),NA()) | F7: =IFERROR(1/(1/VLOOKUP($A7,INDIRECT($I7&"!a$3:g$32"),COLUMNS($A$1:F$1),0)),NA()) | G7: =IFERROR(1/(1/VLOOKUP($A7,INDIRECT($I7&"!a$3:g$32"),COLUMNS($A$1:G$1),0)),NA()) | I7: =TEXT(A7,"mmm")&TEXT(A7,"yy") | J7: 24 | K7: =TEXT(A7,"m/d")&" "&TEXT(A7,"DDD")&IF(N(C7)=0," --"," "&TEXT(C7,"h:mm AM/PM"))
A8: ='Feb24'!A16 | B8: =TEXT(A8,"DDD") | C8: =VLOOKUP($A8,INDIRECT($I8&"!a$3:g$32"),COLUMNS($A$1:C$1),0) | D8: =IFERROR(1/(1/VLOOKUP($A8,INDIRECT($I8&"!a$3:g$32"),COLUMNS($A$1:D$1),0)),NA()) | E8: =IFERROR(1/(1/VLOOKUP($A8,INDIRECT($I8&"!a$3:g$32"),COLUMNS($A$1:E$1),0)),NA()) | F8: =IFERROR(1/(1/VLOOKUP($A8,INDIRECT($I8&"!a$3:g$32"),COLUMNS($A$1:F$1),0)),NA()) | G8: =IFERROR(1/(1/VLOOKUP($A8,INDIRECT($I8&"!a$3:g$32"),COLUMNS($A$1:G$1),0)),NA()) | I8: =TEXT(A8,"mmm")&TEXT(A8,"yy") | J8: 23 | K8: =TEXT(A8,"m/d")&" "&TEXT(A8,"DDD")&IF(N(C8)=0," --"," "&TEXT(C8,"h:mm AM/PM"))
A9: ='Feb24'!A17 | B9: =TEXT(A9,"DDD") | C9: =VLOOKUP($A9,INDIRECT($I9&"!a$3:g$32"),COLUMNS($A$1:C$1),0) | D9: =IFERROR(1/(1/VLOOKUP($A9,INDIRECT($I9&"!a$3:g$32"),COLUMNS($A$1:D$1),0)),NA()) | E9: =IFERROR(1/(1/VLOOKUP($A9,INDIRECT($I9&"!a$3:g$32"),COLUMNS($A$1:E$1),0)),NA()) | F9: =IFERROR(1/(1/VLOOKUP($A9,INDIRECT($I9&"!a$3:g$32"),COLUMNS($A$1:F$1),0)),NA()) | G9: =IFERROR(1/(1/VLOOKUP($A9,INDIRECT($I9&"!a$3:g$32"),COLUMNS($A$1:G$1),0)),NA()) | I9: =TEXT(A9,"mmm")&TEXT(A9,"yy") | J9: 22 | K9: =TEXT(A9,"m/d")&" "&TEXT(A9,"DDD")&IF(N(C9)=0," --"," "&TEXT(C9,"h:mm AM/PM"))
A10: ='Feb24'!A18 | B10: =TEXT(A10,"DDD") | C10: =VLOOKUP($A10,INDIRECT($I10&"!a$3:g$32"),COLUMNS($A$1:C$1),0) | D10: =IFERROR(1/(1/VLOOKUP($A10,INDIRECT($I10&"!a$3:g$32"),COLUMNS($A$1:D$1),0)),NA()) | E10: =IFERROR(1/(1/VLOOKUP($A10,INDIRECT($I10&"!a$3:g$32"),COLUMNS($A$1:E$1),0)),NA()) | F10: =IFERROR(1/(1/VLOOKUP($A10,INDIRECT($I10&"!a$3:g$32"),COLUMNS($A$1:F$1),0)),NA()) | G10: =IFERROR(1/(1/VLOOKUP($A10,INDIRECT($I10&"!a$3:g$32"),COLUMNS($A$1:G$1),0)),NA()) | I10: =TEXT(A10,"mmm")&TEXT(A10,"yy") | J10: 21 | K10: =TEXT(A10,"m/d")&" "&TEXT(A10,"DDD")&IF(N(C10)=0," --"," "&TEXT(C10,"h:mm AM/PM"))
A11: ='Feb24'!A19 | B11: =TEXT(A11,"DDD") | C11: =VLOOKUP($A11,INDIRECT($I11&"!a$3:g$32"),COLUMNS($A$1:C$1),0) | D11: =IFERROR(1/(1/VLOOKUP($A11,INDIRECT($I11&"!a$3:g$32"),COLUMNS($A$1:D$1),0)),NA()) | E11: =IFERROR(1/(1/VLOOKUP($A11,INDIRECT($I11&"!a$3:g$32"),COLUMNS($A$1:E$1),0)),NA()) | F11: =IFERROR(1/(1/VLOOKUP($A11,INDIRECT($I11&"!a$3:g$32"),COLUMNS($A$1:F$1),0)),NA()) | G11: =IFERROR(1/(1/VLOOKUP($A11,INDIRECT($I11&"!a$3:g$32"),COLUMNS($A$1:G$1),0)),NA()) | I11: =TEXT(A11,"mmm")&TEXT(A11,"yy") | J11: 20 | K11: =TEXT(A11,"m/d")&" "&TEXT(A11,"DDD")&IF(N(C11)=0," --"," "&TEXT(C11,"h:mm AM/PM"))
A12: ='Feb24'!A20 | B12: =TEXT(A12,"DDD") | C12: =VLOOKUP($A12,INDIRECT($I12&"!a$3:g$32"),COLUMNS($A$1:C$1),0) | D12: =IFERROR(1/(1/VLOOKUP($A12,INDIRECT($I12&"!a$3:g$32"),COLUMNS($A$1:D$1),0)),NA()) | E12: =IFERROR(1/(1/VLOOKUP($A12,INDIRECT($I12&"!a$3:g$32"),COLUMNS($A$1:E$1),0)),NA()) | F12: =IFERROR(1/(1/VLOOKUP($A12,INDIRECT($I12&"!a$3:g$32"),COLUMNS($A$1:F$1),0)),NA()) | G12: =IFERROR(1/(1/VLOOKUP($A12,INDIRECT($I12&"!a$3:g$32"),COLUMNS($A$1:G$1),0)),NA()) | I12: =TEXT(A12,"mmm")&TEXT(A12,"yy") | J12: 19 | K12: =TEXT(A12,"m/d")&" "&TEXT(A12,"DDD")&IF(N(C12)=0," --"," "&TEXT(C12,"h:mm AM/PM"))
A13: ='Feb24'!A21 | B13: =TEXT(A13,"DDD") | C13: =VLOOKUP($A13,INDIRECT($I13&"!a$3:g$32"),COLUMNS($A$1:C$1),0) | D13: =IFERROR(1/(1/VLOOKUP($A13,INDIRECT($I13&"!a$3:g$32"),COLUMNS($A$1:D$1),0)),NA()) | E13: =IFERROR(1/(1/VLOOKUP($A13,INDIRECT($I13&"!a$3:g$32"),COLUMNS($A$1:E$1),0)),NA()) | F13: =IFERROR(1/(1/VLOOKUP($A13,INDIRECT($I13&"!a$3:g$32"),COLUMNS($A$1:F$1),0)),NA()) | G13: =IFERROR(1/(1/VLOOKUP($A13,INDIRECT($I13&"!a$3:g$32"),COLUMNS($A$1:G$1),0)),NA()) | I13: =TEXT(A13,"mmm")&TEXT(A13,"yy") | J13: 18 | K13: =TEXT(A13,"m/d")&" "&TEXT(A13,"DDD")&IF(N(C13)=0," --"," "&TEXT(C13,"h:mm AM/PM"))
... A23: ='Feb24'!A31 | B23: =TEXT(A23,"DDD") | C23: =VLOOKUP($A23,INDIRECT($I23&"!a$3:g$32"),COLUMNS($A$1:C$1),0) | D23: =IFERROR(1/(1/VLOOKUP($A23,INDIRECT($I23&"!a$3:g$32"),COLUMNS($A$1:D$1),0)),NA()) | E23: =IFERROR(1/(1/VLOOKUP($A23,INDIRECT($I23&"!a$3:g$32"),COLUMNS($A$1:E$1),0)),NA()) | F23: =IFERROR(1/(1/VLOOKUP($A23,INDIRECT($I23&"!a$3:g$32"),COLUMNS($A$1:F$1),0)),NA()) | G23: =IFERROR(1/(1/VLOOKUP($A23,INDIRECT($I23&"!a$3:g$32"),COLUMNS($A$1:G$1),0)),NA()) | I23: =TEXT(A23,"mmm")&TEXT(A23,"yy") | J23: 8 | K23: =TEXT(A23,"m/d")&" "&TEXT(A23,"DDD")&IF(N(C23)=0," --"," "&TEXT(C23,"h:mm AM/PM"))
A24: ='Mar24'!A3 | B24: =TEXT(A24,"DDD") | C24: =VLOOKUP($A24,INDIRECT($I24&"!a$3:g$32"),COLUMNS($A$1:C$1),0) | D24: =IFERROR(1/(1/VLOOKUP($A24,INDIRECT($I24&"!a$3:g$32"),COLUMNS($A$1:D$1),0)),NA()) | E24: =IFERROR(1/(1/VLOOKUP($A24,INDIRECT($I24&"!a$3:g$32"),COLUMNS($A$1:E$1),0)),NA()) | F24: =IFERROR(1/(1/VLOOKUP($A24,INDIRECT($I24&"!a$3:g$32"),COLUMNS($A$1:F$1),0)),NA()) | G24: =IFERROR(1/(1/VLOOKUP($A24,INDIRECT($I24&"!a$3:g$32"),COLUMNS($A$1:G$1),0)),NA()) | I24: =TEXT(A24,"mmm")&TEXT(A24,"yy") | J24: 7 | K24: =TEXT(A24,"m/d")&" "&TEXT(A24,"DDD")&IF(N(C24)=0," --"," "&TEXT(C24,"h:mm AM/PM"))
A25: ='Mar24'!A4 | B25: =TEXT(A25,"DDD") | C25: =VLOOKUP($A25,INDIRECT($I25&"!a$3:g$32"),COLUMNS($A$1:C$1),0) | D25: =IFERROR(1/(1/VLOOKUP($A25,INDIRECT($I25&"!a$3:g$32"),COLUMNS($A$1:D$1),0)),NA()) | E25: =IFERROR(1/(1/VLOOKUP($A25,INDIRECT($I25&"!a$3:g$32"),COLUMNS($A$1:E$1),0)),NA()) | F25: =IFERROR(1/(1/VLOOKUP($A25,INDIRECT($I25&"!a$3:g$32"),COLUMNS($A$1:F$1),0)),NA()) | G25: =IFERROR(1/(1/VLOOKUP($A25,INDIRECT($I25&"!a$3:g$32"),COLUMNS($A$1:G$1),0)),NA()) | I25: =TEXT(A25,"mmm")&TEXT(A25,"yy") | J25: 6 | K25: =TEXT(A25,"m/d")&" "&TEXT(A25,"DDD")&IF(N(C25)=0," --"," "&TEXT(C25,"h:mm AM/PM"))
A26: ='Mar24'!A5 | B26: =TEXT(A26,"DDD") | C26: =VLOOKUP($A26,INDIRECT($I26&"!a$3:g$32"),COLUMNS($A$1:C$1),0) | D26: =IFERROR(1/(1/VLOOKUP($A26,INDIRECT($I26&"!a$3:g$32"),COLUMNS($A$1:D$1),0)),NA()) | E26: =IFERROR(1/(1/VLOOKUP($A26,INDIRECT($I26&"!a$3:g$32"),COLUMNS($A$1:E$1),0)),NA()) | F26: =IFERROR(1/(1/VLOOKUP($A26,INDIRECT($I26&"!a$3:g$32"),COLUMNS($A$1:F$1),0)),NA()) | G26: =IFERROR(1/(1/VLOOKUP($A26,INDIRECT($I26&"!a$3:g$32"),COLUMNS($A$1:G$1),0)),NA()) | I26: =TEXT(A26,"mmm")&TEXT(A26,"yy") | J26: 5 | K26: =TEXT(A26,"m/d")&" "&TEXT(A26,"DDD")&IF(N(C26)=0," --"," "&TEXT(C26,"h:mm AM/PM"))
A27: ='Mar24'!A6 | B27: =TEXT(A27,"DDD") | C27: =VLOOKUP($A27,INDIRECT($I27&"!a$3:g$32"),COLUMNS($A$1:C$1),0) | D27: =IFERROR(1/(1/VLOOKUP($A27,INDIRECT($I27&"!a$3:g$32"),COLUMNS($A$1:D$1),0)),NA()) | E27: =IFERROR(1/(1/VLOOKUP($A27,INDIRECT($I27&"!a$3:g$32"),COLUMNS($A$1:E$1),0)),NA()) | F27: =IFERROR(1/(1/VLOOKUP($A27,INDIRECT($I27&"!a$3:g$32"),COLUMNS($A$1:F$1),0)),NA()) | G27: =IFERROR(1/(1/VLOOKUP($A27,INDIRECT($I27&"!a$3:g$32"),COLUMNS($A$1:G$1),0)),NA()) | I27: =TEXT(A27,"mmm")&TEXT(A27,"yy") | J27: 4 | K27: =TEXT(A27,"m/d")&" "&TEXT(A27,"DDD")&IF(N(C27)=0," --"," "&TEXT(C27,"h:mm AM/PM"))
A28: ='Mar24'!A7 | B28: =TEXT(A28,"DDD") | C28: =VLOOKUP($A28,INDIRECT($I28&"!a$3:g$32"),COLUMNS($A$1:C$1),0) | D28: =IFERROR(1/(1/VLOOKUP($A28,INDIRECT($I28&"!a$3:g$32"),COLUMNS($A$1:D$1),0)),NA()) | E28: =IFERROR(1/(1/VLOOKUP($A28,INDIRECT($I28&"!a$3:g$32"),COLUMNS($A$1:E$1),0)),NA()) | F28: =IFERROR(1/(1/VLOOKUP($A28,INDIRECT($I28&"!a$3:g$32"),COLUMNS($A$1:F$1),0)),NA()) | G28: =IFERROR(1/(1/VLOOKUP($A28,INDIRECT($I28&"!a$3:g$32"),COLUMNS($A$1:G$1),0)),NA()) | I28: =TEXT(A28,"mmm")&TEXT(A28,"yy") | J28: 3 | K28: =TEXT(A28,"m/d")&" "&TEXT(A28,"DDD")&IF(N(C28)=0," --"," "&TEXT(C28,"h:mm AM/PM"))
A29: ='Mar24'!A8 | B29: =TEXT(A29,"DDD") | C29: =VLOOKUP($A29,INDIRECT($I29&"!a$3:g$32"),COLUMNS($A$1:C$1),0) | D29: =IFERROR(1/(1/VLOOKUP($A29,INDIRECT($I29&"!a$3:g$32"),COLUMNS($A$1:D$1),0)),NA()) | E29: =IFERROR(1/(1/VLOOKUP($A29,INDIRECT($I29&"!a$3:g$32"),COLUMNS($A$1:E$1),0)),NA()) | F29: =IFERROR(1/(1/VLOOKUP($A29,INDIRECT($I29&"!a$3:g$32"),COLUMNS($A$1:F$1),0)),NA()) | G29: =IFERROR(1/(1/VLOOKUP($A29,INDIRECT($I29&"!a$3:g$32"),COLUMNS($A$1:G$1),0)),NA()) | I29: =TEXT(A29,"mmm")&TEXT(A29,"yy") | J29: 2 | K29: =TEXT(A29,"m/d")&" "&TEXT(A29,"DDD")&IF(N(C29)=0," --"," "&TEXT(C29,"h:mm AM/PM"))
A30: ='Mar24'!A9 | B30: =TEXT(A30,"DDD") | C30: =VLOOKUP($A30,INDIRECT($I30&"!a$3:g$32"),COLUMNS($A$1:C$1),0) | D30: =IFERROR(1/(1/VLOOKUP($A30,INDIRECT($I30&"!a$3:g$32"),COLUMNS($A$1:D$1),0)),NA()) | E30: =IFERROR(1/(1/VLOOKUP($A30,INDIRECT($I30&"!a$3:g$32"),COLUMNS($A$1:E$1),0)),NA()) | F30: =IFERROR(1/(1/VLOOKUP($A30,INDIRECT($I30&"!a$3:g$32"),COLUMNS($A$1:F$1),0)),NA()) | G30: =IFERROR(1/(1/VLOOKUP($A30,INDIRECT($I30&"!a$3:g$32"),COLUMNS($A$1:G$1),0)),NA()) | I30: =TEXT(A30,"mmm")&TEXT(A30,"yy") | J30: 1 | K30: =TEXT(A30,"m/d")&" "&TEXT(A30,"DDD")&IF(N(C30)=0," --"," "&TEXT(C30,"h:mm AM/PM"))
A31: ='Mar24'!A10 | B31: =TEXT(A31,"DDD") | C31: =VLOOKUP($A31,INDIRECT($I31&"!a$3:g$32"),COLUMNS($A$1:C$1),0) | D31: =IFERROR(1/(1/VLOOKUP($A31,INDIRECT($I31&"!a$3:g$32"),COLUMNS($A$1:D$1),0)),NA()) | E31: =IFERROR(1/(1/VLOOKUP($A31,INDIRECT($I31&"!a$3:g$32"),COLUMNS($A$1:E$1),0)),NA()) | F31: =IFERROR(1/(1/VLOOKUP($A31,INDIRECT($I31&"!a$3:g$32"),COLUMNS($A$1:F$1),0)),NA()) | G31: =IFERROR(1/(1/VLOOKUP($A31,INDIRECT($I31&"!a$3:g$32"),COLUMNS($A$1:G$1),0)),NA()) | I31: =TEXT(A31,"mmm")&TEXT(A31,"yy") | J31: =NA() | K31: =TEXT(A31,"m/d")&" "&TEXT(A31,"DDD")&IF(N(C31)=0," --"," "&TEXT(C31,"h:mm AM/PM"))
